City_ID,City,Lat,Lng,Max Temp,Humidity,Cloudiness,Wind Speed,Country,Date
0,edinburgh of the seven seas,-37.0676,-12.3116,13.89,90,100,9.78,SH,2023-12-12
1,adamstown,-25.066,-130.1015,21.68,60,5,1.02,PN,2023-12-12
2,aasiaat,68.7098,-52.8699,-0.78,78,100,5.74,GL,2023-12-12
3,ribeira grande,38.5167,-28.7,13.76,81,7,2.68,PT,2023-12-12
4,sainte-marie,-20.8968,55.5496,23.09,84,40,2.06,RE,2023-12-12
5,argo,37.6333,22.7333,9.32,83,12,1.59,GR,2023-12-12
6,iqaluit,63.7506,-68.5145,-27.27,96,66,2.2,CA,2023-12-12
7,atafu village,-8.5421,-172.5159,28.59,80,100,10.83,TK,2023-12-12
8,port elizabeth,-33.918,25.5701,17.4,90,2,2.24,ZA,2023-12-12
9,energetik,51.7445,58.7934,-25.57,84,6,4.99,RU,2023-12-12
10,grytviken,-54.2811,-36.5092,1.68,78,27,4.22,GS,2023-12-12
11,kifri,34.6959,44.9661,18.26,32,100,1.01,IQ,2023-12-12
12,ushuaia,-54.8,-68.3,7.51,81,84,2.15,AR,2023-12-12
13,wailua homesteads,22.0669,-159.378,27.24,84,40,4.63,US,2023-12-12
14,mar del plata,-38.0023,-57.5575,21.02,88,0,13.41,AR,2023-12-12
15,anadyr,64.75,177.4833,-25.56,75,20,4.0,RU,2023-12-12
16,talnakh,69.4865,88.3972,-26.41,98,100,4.73,RU,2023-12-12
17,tiksi,71.6872,128.8694,-21.72,100,100,3.75,RU,2023-12-12
18,hermanus,-34.4187,19.2345,16.57,81,72,4.85,ZA,2023-12-12
19,new norfolk,-42.7826,147.0587,20.72,28,93,0.62,AU,2023-12-12
20,nuuk,64.1835,-51.7216,1.34,86,100,18.01,GL,2023-12-12
21,olonkinbyen,70.9221,-8.7187,-0.03,97,100,3.58,SJ,2023-12-12
22,petropavlovsk-kamchatsky,53.0452,158.6483,-6.67,87,20,7.6,RU,2023-12-12
23,blackmans bay,-43.0167,147.3167,20.07,48,43,2.01,AU,2023-12-12
24,chonchi,-42.6128,-73.8092,12.56,94,100,1.95,CL,2023-12-12
25,qaqortoq,60.7167,-46.0333,-0.82,97,100,4.04,GL,2023-12-12
26,susuman,62.7833,148.1667,-21.68,96,100,2.24,RU,2023-12-12
27,waitangi,-43.9535,-176.5597,14.9,90,100,4.47,NZ,2023-12-12
28,riyadh,24.6877,46.7219,13.08,27,7,2.04,SA,2023-12-12
29,floro,61.5996,5.0328,5.54,64,5,4.63,NO,2023-12-12
30,constantia,44.1833,28.65,0.39,84,35,3.92,RO,2023-12-12
31,fort bragg,35.139,-79.006,4.39,85,0,0.0,US,2023-12-12
32,nizhnyaya poyma,56.1622,97.1933,-35.55,100,46,0.7,RU,2023-12-12
33,caleta de carquin,-11.0925,-77.6267,20.35,85,9,4.05,PE,2023-12-12
34,bilibino,68.0546,166.4372,-20.58,95,100,1.54,RU,2023-12-12
35,albany,42.6001,-73.9662,1.64,70,12,1.34,US,2023-12-12
36,bel ombre,-4.6167,55.4167,27.6,77,98,3.63,SC,2023-12-12
37,margaret river,-33.95,115.0667,21.94,52,0,2.96,AU,2023-12-12
38,stanley,54.868,-1.6985,0.44,97,40,1.03,GB,2023-12-12
39,bethel,41.3712,-73.414,4.0,63,75,5.66,US,2023-12-12
40,carnarvon,-24.8667,113.6333,26.94,43,0,1.14,AU,2023-12-12
41,tan-tan,28.438,-11.1032,19.52,30,67,2.08,MA,2023-12-12
42,kodiak,57.79,-152.4072,-1.27,64,0,2.57,US,2023-12-12
43,stephenville,32.2207,-98.2023,14.44,28,0,2.06,US,2023-12-12
44,cherdyn',60.403,56.4787,-26.08,86,99,3.9,RU,2023-12-12
45,bredasdorp,-34.5322,20.0403,16.07,83,58,6.44,ZA,2023-12-12
46,papatowai,-46.5619,169.4708,10.76,61,40,9.12,NZ,2023-12-12
47,ladario,-19.0047,-57.6017,27.95,65,53,1.42,BR,2023-12-12
48,punta arenas,-53.15,-70.9167,11.73,46,77,7.77,CL,2023-12-12
49,mangai,-4.05,19.5333,20.29,99,100,0.46,CD,2023-12-12
50,castillos,-34.1667,-53.8333,17.81,92,76,4.25,UY,2023-12-12
51,puerto deseado,-47.7503,-65.8938,11.42,77,72,5.55,AR,2023-12-12
52,sanctuary point,-35.1114,150.629,28.88,64,88,2.33,AU,2023-12-12
53,la'ie,21.6477,-157.9253,29.66,78,15,5.16,US,2023-12-12
54,whitehorse,60.7161,-135.0538,-5.2,92,89,4.56,CA,2023-12-12
55,narrabri,-30.3167,149.7833,29.73,47,0,1.34,AU,2023-12-12
56,raton,36.9034,-104.4391,3.19,35,0,3.09,US,2023-12-12
57,tura,25.5198,90.2201,14.5,93,8,1.25,IN,2023-12-12
58,alice springs,-23.7,133.8833,20.75,40,0,4.12,AU,2023-12-12
59,krasnozerskoye,53.9828,79.2374,-28.36,92,8,6.09,RU,2023-12-12
60,sullivan,36.5168,-82.5332,1.02,81,20,1.34,US,2023-12-12
61,aromashevo,56.8602,68.6375,-34.2,100,6,1.97,RU,2023-12-12
62,west island,-12.1568,96.8225,25.99,78,40,3.6,CC,2023-12-12
63,luanco,43.6152,-5.7934,16.71,82,100,2.59,ES,2023-12-12
64,sitka,57.0531,-135.33,7.94,71,100,6.17,US,2023-12-12
65,gannan,47.9147,123.5031,-26.2,88,74,2.02,CN,2023-12-12
66,elin-yurt,43.6731,44.9589,3.34,85,100,4.49,RU,2023-12-12
67,macau,22.2006,113.5461,24.89,94,1,3.6,MO,2023-12-12
68,lae,-6.7221,146.9847,31.37,62,76,0.99,PG,2023-12-12
69,sihanoukville,10.6093,103.5296,24.97,94,20,1.03,KH,2023-12-12
70,salahonda,2.1019,-78.7217,26.37,87,24,4.26,CO,2023-12-12
71,nampula,-15.1165,39.2666,22.04,85,33,1.73,MZ,2023-12-12
72,bamboo flat,11.7,92.7167,27.05,83,40,1.03,IN,2023-12-12
73,gulf shores,30.246,-87.7008,12.78,77,0,0.0,US,2023-12-12
74,ilulissat,69.2167,-51.1,3.01,60,100,6.69,GL,2023-12-12
75,shanga,11.2106,4.5788,22.82,20,0,5.43,NG,2023-12-12
76,berezovyy,51.6667,135.7,-24.14,65,0,2.27,RU,2023-12-12
77,port hedland,-20.3167,118.5667,29.03,23,0,1.54,AU,2023-12-12
78,lihue,21.9789,-159.3672,27.58,80,40,4.63,US,2023-12-12
79,port mathurin,-19.6833,63.4167,25.76,77,49,2.97,MU,2023-12-12
80,hasaki,35.7333,140.8333,12.38,87,100,10.28,JP,2023-12-12
81,zapala,-38.8992,-70.0544,16.68,40,67,8.43,AR,2023-12-12
82,howrah,22.5892,88.3103,16.0,88,0,2.57,IN,2023-12-12
83,badger,64.8,-147.5333,-6.07,86,100,4.63,US,2023-12-12
84,kalmunai,7.4167,81.8167,24.61,91,97,3.35,LK,2023-12-12
85,codrington,-38.2667,141.9667,29.0,47,100,5.93,AU,2023-12-12
86,lamar,33.6668,-95.5836,10.99,43,0,3.09,US,2023-12-12
87,chernyshevskiy,63.0128,112.4714,-31.43,99,100,1.02,RU,2023-12-12
88,tolanaro,-25.0319,46.9987,23.9,95,81,4.28,MG,2023-12-12
89,antsiranana,-12.2787,49.2917,25.48,82,38,5.0,MG,2023-12-12
90,vilyuchinsk,52.9306,158.4028,-5.85,84,24,2.99,RU,2023-12-12
91,daru,-9.0763,143.2092,30.18,66,46,4.25,PG,2023-12-12
92,udachny,66.4167,112.4,-24.93,97,100,3.88,RU,2023-12-12
93,puerto natales,-51.7236,-72.4875,8.98,72,48,2.55,CL,2023-12-12
94,port-aux-francais,-49.35,70.2167,5.74,98,96,10.31,TF,2023-12-12
95,newman,37.3138,-121.0208,16.19,46,40,1.34,US,2023-12-12
96,fort st. john,56.2499,-120.8529,-5.06,74,40,3.6,CA,2023-12-12
97,aksu,41.1231,80.2644,-3.09,63,93,1.82,CN,2023-12-12
98,cudillero,43.5622,-6.1459,17.51,69,75,1.03,ES,2023-12-12
99,jamestown,42.097,-79.2353,0.77,72,100,4.63,US,2023-12-12
100,thompson,55.7435,-97.8558,-12.91,78,100,5.66,CA,2023-12-12
101,ataq,14.5377,46.8319,14.67,32,7,2.31,YE,2023-12-12
102,tazacorte,28.629,-17.9293,19.54,57,0,3.58,ES,2023-12-12
103,martapura,-3.4167,114.85,26.05,94,20,2.57,ID,2023-12-12
104,guerrero negro,27.9769,-114.0611,19.97,40,78,4.51,MX,2023-12-12
105,nemuro,43.3236,145.575,1.43,86,100,6.91,JP,2023-12-12
106,arakkonam,13.1,79.6667,21.57,89,73,2.12,IN,2023-12-12
107,puerto ayora,-0.7393,-90.3518,24.45,83,46,3.31,EC,2023-12-12
108,pisco,-13.7,-76.2167,20.03,83,0,9.26,PE,2023-12-12
109,hadibu,12.65,54.0333,24.07,72,81,4.57,YE,2023-12-12
110,bojnurd,37.4747,57.329,1.97,100,20,0.0,IR,2023-12-12
111,jayapura,-2.5333,140.7,28.66,69,100,2.96,ID,2023-12-12
112,shahrak,34.1074,64.3052,-2.99,83,4,1.13,AF,2023-12-12
113,ola,59.5833,151.2833,-6.33,83,100,6.26,RU,2023-12-12
114,enewetak,11.3474,162.3373,27.87,76,23,8.54,MH,2023-12-12
115,la paz,-16.5,-68.15,12.99,82,75,3.09,BO,2023-12-12
116,coahuayana de hidalgo,18.7,-103.6583,26.63,72,43,0.45,MX,2023-12-12
117,viedma,-40.8135,-62.9967,27.79,25,57,6.68,AR,2023-12-12
118,sandnessjoen,66.0217,12.6316,-14.71,78,3,6.59,NO,2023-12-12
119,kuanda,56.3161,116.0806,-36.7,98,81,0.38,RU,2023-12-12
120,saipan,15.1355,145.701,29.39,74,20,6.17,MP,2023-12-12
121,ivins,37.1686,-113.6794,11.2,24,69,0.45,US,2023-12-12
122,kuqa,41.7278,82.9364,-3.4,61,93,0.45,CN,2023-12-12
123,monforte del cid,38.3686,-0.7044,18.92,43,0,3.09,ES,2023-12-12
124,arinos,-15.9169,-46.1056,26.13,53,87,2.4,BR,2023-12-12
125,gamba,-2.65,10.0,25.81,86,97,1.23,GA,2023-12-12
126,malpe,13.35,74.7167,26.61,84,44,2.61,IN,2023-12-12
127,mersing,2.4312,103.8405,23.95,100,40,0.0,MY,2023-12-12
128,bakchar,57.0186,82.0711,-31.28,97,37,2.61,RU,2023-12-12
129,masterton,-40.9597,175.6575,17.16,43,53,3.25,NZ,2023-12-12
130,nyurba,63.2842,118.3319,-30.39,98,99,2.39,RU,2023-12-12
131,princeville,45.7668,-61.2985,14.86,95,100,14.4,CA,2023-12-12
132,la mira,18.035,-102.3266,26.53,69,87,1.8,MX,2023-12-12
133,zaozersk,69.4005,32.4476,-16.44,96,27,4.25,RU,2023-12-12
134,punta del este,-34.9667,-54.95,21.09,85,0,5.66,UY,2023-12-12
135,nantucket,41.2835,-70.0995,6.08,65,75,8.23,US,2023-12-12
136,la passe,45.5549,-0.8967,14.13,89,100,4.19,FR,2023-12-12
137,longyearbyen,78.2186,15.6401,-7.09,68,75,5.66,SJ,2023-12-12
138,ancud,-41.8697,-73.8203,11.14,79,99,4.77,CL,2023-12-12
139,yaren,-0.5472,166.916,29.08,75,16,5.38,NR,2023-12-12
140,colonia rincon viejo,16.9,-95.05,17.76,80,94,6.28,MX,2023-12-12
141,corn island,12.1694,-83.0418,27.58,83,23,8.68,NI,2023-12-12
142,antofagasta,-23.65,-70.4,18.16,80,89,2.83,CL,2023-12-12
143,isafjordur,66.0755,-23.124,-5.34,83,89,1.76,IS,2023-12-12
144,lerwick,60.1545,-1.1494,5.0,71,97,3.51,GB,2023-12-12
145,sisimiut,66.9395,-53.6735,-0.97,94,100,8.16,GL,2023-12-12
146,nguigmi,14.2495,13.1092,18.36,32,2,5.87,NE,2023-12-12
147,zhangye,38.9342,100.4517,2.2,16,2,3.18,CN,2023-12-12
148,nova sintra,14.8667,-24.7167,23.24,67,15,7.11,CV,2023-12-12
149,la ronge,55.1001,-105.2842,-11.86,61,0,6.69,CA,2023-12-12
150,nikolayevsk-on-amure,53.1406,140.73,-23.54,84,14,2.18,RU,2023-12-12
151,xiuyan,40.2928,123.2744,-13.77,82,72,3.1,CN,2023-12-12
152,chaparral,3.7232,-75.4832,24.18,67,9,2.51,CO,2023-12-12
153,weno,7.4515,151.8468,25.97,94,100,3.6,FM,2023-12-12
154,tougan,13.0667,-3.0667,21.78,18,0,4.31,BF,2023-12-12
155,cabo san lucas,22.8909,-109.9124,25.9,65,0,2.06,MX,2023-12-12
156,el porvenir,13.7617,-87.3458,23.47,68,51,3.02,HN,2023-12-12
157,ust-nera,64.5667,143.2,-20.02,98,100,3.5,RU,2023-12-12
158,haiku-pauwela,20.9219,-156.3051,29.01,58,20,7.2,US,2023-12-12
159,mount pearl,47.5166,-52.7813,12.19,94,20,12.35,CA,2023-12-12
160,nyrob,60.733,56.7202,-25.75,86,100,4.22,RU,2023-12-12
161,manicore,-5.8092,-61.3003,22.66,99,97,1.59,BR,2023-12-12
162,happy valley-goose bay,53.3168,-60.3315,-1.83,93,100,2.57,CA,2023-12-12
163,vorgashor,67.5833,63.95,-17.56,89,100,6.45,RU,2023-12-12
164,prado,-17.3411,-39.2208,25.36,84,66,5.83,BR,2023-12-12
165,saint-louis,16.3333,-15.0,24.14,17,61,4.41,SN,2023-12-12
166,hithadhoo,-0.6,73.0833,27.2,78,45,2.28,MV,2023-12-12
167,monrovia,6.3005,-10.7969,25.87,80,24,2.05,LR,2023-12-12
168,avarua,-21.2078,-159.775,26.03,83,100,9.77,CK,2023-12-12
169,namibe,-15.1961,12.1522,21.93,72,59,2.74,AO,2023-12-12
170,seosan,36.7817,126.4522,6.49,73,100,5.3,KR,2023-12-12
171,flying fish cove,-10.4217,105.6791,26.82,73,40,3.6,CX,2023-12-12
172,burang,30.25,81.1667,-15.29,61,1,1.58,CN,2023-12-12
173,ben arous,36.7531,10.2189,14.96,82,20,2.06,TN,2023-12-12
174,vila franca do campo,37.7167,-25.4333,14.23,82,84,2.41,PT,2023-12-12
175,jiazi,22.8779,116.067,22.69,80,1,2.54,CN,2023-12-12
176,aktau,43.65,51.2,-10.68,86,99,11.03,KZ,2023-12-12
177,bagalkot,16.1833,75.7,19.53,56,9,3.57,IN,2023-12-12
178,prescott valley,34.5894,-112.3252,14.02,16,0,0.0,US,2023-12-12
179,san antonio de pale,-1.4014,5.6325,26.35,83,100,3.42,GQ,2023-12-12
180,vernon,50.2581,-119.2691,3.2,88,55,0.61,CA,2023-12-12
181,st. john's,47.5649,-52.7093,12.66,94,20,12.35,CA,2023-12-12
182,utrik,11.2278,169.8474,27.12,71,15,8.66,MH,2023-12-12
183,ekibastuz,51.6667,75.3667,-26.02,91,100,6.37,KZ,2023-12-12
184,kismayo,-0.3582,42.5454,26.9,80,98,4.6,SO,2023-12-12
185,luderitz,-26.6481,15.1594,18.25,53,0,8.97,NA,2023-12-12
186,ningde,26.6617,119.5228,15.9,97,100,2.35,CN,2023-12-12
187,peace river,56.2501,-117.286,-7.83,79,40,1.54,CA,2023-12-12
188,kerikeri,-35.2268,173.9474,21.62,63,11,2.24,NZ,2023-12-12
189,sur,22.5667,59.5289,22.55,63,31,0.55,OM,2023-12-12
190,hawaiian paradise park,19.5933,-154.9731,26.13,88,75,2.06,US,2023-12-12
191,beoumi,7.6736,-5.5764,25.48,49,41,1.14,CI,2023-12-12
192,lebu,-37.6167,-73.65,13.56,85,96,2.6,CL,2023-12-12
193,mount isa,-20.7333,139.5,30.87,33,1,5.66,AU,2023-12-12
194,vadso,70.0744,29.7487,-9.91,79,68,5.66,NO,2023-12-12
195,wynyard,-41.0,145.7167,18.5,72,100,3.22,AU,2023-12-12
196,watsa,3.0372,29.5355,19.36,85,35,1.03,CD,2023-12-12
197,labrador city,52.9463,-66.9114,-6.05,86,100,3.6,CA,2023-12-12
198,carutapera,-1.195,-46.02,26.31,81,68,3.46,BR,2023-12-12
199,kingston,17.997,-76.7936,28.53,74,20,9.26,JM,2023-12-12
200,invercargill,-46.4,168.35,11.62,51,44,9.31,NZ,2023-12-12
201,axim,4.8699,-2.2405,26.69,83,21,1.96,GH,2023-12-12
202,roswell,34.0232,-84.3616,6.42,65,0,3.09,US,2023-12-12
203,aquiraz,-3.9014,-38.3911,28.91,79,55,4.69,BR,2023-12-12
204,burela de cabo,43.65,-7.4,16.76,84,100,5.95,ES,2023-12-12
205,timbuktu,16.7735,-3.0074,20.81,20,0,5.21,ML,2023-12-12
206,usinsk,65.9939,57.5281,-18.2,94,100,11.99,RU,2023-12-12
207,santiago del torno,-17.9833,-63.3833,27.1,72,31,2.18,BO,2023-12-12
208,derbent,42.0678,48.2899,5.97,89,100,7.79,RU,2023-12-12
209,thinadhoo,0.5333,72.9333,27.95,74,78,1.92,MV,2023-12-12
210,linden,6.0,-58.3,24.86,84,96,1.96,GY,2023-12-12
211,la sarre,48.8002,-79.1996,-11.23,91,68,2.0,CA,2023-12-12
212,olinda,-8.0089,-34.8553,27.85,74,40,3.6,BR,2023-12-12
213,pikeville,37.4793,-82.5188,1.77,82,0,0.0,US,2023-12-12
214,ust'-kulom,61.6864,53.6902,-19.82,84,100,4.94,RU,2023-12-12
215,yellowknife,62.456,-114.3525,-25.71,76,20,3.6,CA,2023-12-12
216,calama,-22.4667,-68.9333,22.27,8,0,7.72,CL,2023-12-12
217,rio preto da eva,-2.6994,-59.6997,23.97,98,100,0.9,BR,2023-12-12
218,mil'kovo,55.6078,37.7956,-5.87,94,100,6.54,RU,2023-12-12
219,armacao de buzios,-22.7469,-41.8817,25.03,92,96,3.68,BR,2023-12-12
220,port blair,11.6667,92.75,27.02,83,40,1.03,IN,2023-12-12
221,polyarnyy,69.1989,33.4478,-14.11,93,84,5.37,RU,2023-12-12
222,nova vicosa,-17.8919,-39.3719,25.47,83,63,7.71,BR,2023-12-12
223,ponta delgada,37.7333,-25.6667,14.4,77,20,3.09,PT,2023-12-12
224,kruisfontein,-34.0033,24.7314,14.38,87,1,3.49,ZA,2023-12-12
225,belokurikha,51.9959,84.9896,-22.95,99,88,1.13,RU,2023-12-12
226,bantogon,6.5333,124.0333,27.37,71,1,0.54,PH,2023-12-12
227,bozeman,45.6796,-111.0386,1.22,86,100,3.13,US,2023-12-12
228,fonte boa,-2.4959,-66.2662,25.05,93,100,0.93,BR,2023-12-12
229,ouro preto do oeste,-10.7481,-62.2158,23.68,97,91,2.86,BR,2023-12-12
230,gunnedah,-30.9833,150.25,30.2,34,0,2.18,AU,2023-12-12
231,egilsstadir,65.2653,-14.3948,-2.05,74,100,1.54,IS,2023-12-12
232,braniewo,54.3797,19.8196,1.87,97,100,1.73,PL,2023-12-12
233,port alfred,-33.5906,26.891,16.77,96,4,0.45,ZA,2023-12-12
234,tibiri,13.5627,7.0485,16.53,36,0,5.62,NE,2023-12-12
235,college,64.8569,-147.8028,-6.03,63,100,4.63,US,2023-12-12
236,uturoa,-16.7333,-151.4333,26.86,77,90,9.16,PF,2023-12-12
237,san angelo,31.4638,-100.437,16.12,29,0,2.68,US,2023-12-12
238,rikaze,29.25,88.8833,-5.02,50,47,0.81,CN,2023-12-12
239,mandalgovi,45.7625,106.2708,-15.83,95,100,3.62,MN,2023-12-12
240,waiuku,-37.25,174.75,20.47,77,97,7.0,NZ,2023-12-12
241,warmbad,-28.45,18.7333,20.04,26,0,5.1,NA,2023-12-12
242,bonito,-21.1211,-56.4819,25.38,68,2,0.74,BR,2023-12-12
243,san bernardo del viento,9.3533,-75.9524,27.98,86,24,4.44,CO,2023-12-12
244,praia da vitoria,38.7333,-27.0667,14.14,77,20,5.02,PT,2023-12-12
245,fabens,31.5023,-106.1586,14.62,16,85,1.95,US,2023-12-12
246,hamilton,39.1834,-84.5333,2.21,76,0,0.89,US,2023-12-12
247,totness,5.8833,-56.3167,25.31,89,35,3.51,SR,2023-12-12
248,qarqaraly,49.4058,75.4742,-26.68,95,100,4.87,KZ,2023-12-12
249,dakhla,23.6848,-15.958,20.21,42,41,5.62,EH,2023-12-12
250,piti village,13.4626,144.6933,31.49,73,75,6.17,GU,2023-12-12
251,khandyga,62.6667,135.6,-33.98,99,100,0.17,RU,2023-12-12
252,sri dungargarh,28.0833,74.0167,15.18,27,6,2.5,IN,2023-12-12
253,arraial do cabo,-22.9661,-42.0278,22.98,94,100,2.06,BR,2023-12-12
254,poltavka,54.3663,71.7632,-28.75,93,6,4.37,RU,2023-12-12
255,laguna,38.421,-121.4238,16.17,47,0,2.06,US,2023-12-12
256,fale old settlement,-9.3852,-171.2468,28.93,77,100,9.22,TK,2023-12-12
257,kailua-kona,19.6406,-155.9956,29.04,81,40,3.6,US,2023-12-12
258,ivatsevichy,52.709,25.3401,1.0,100,100,5.41,BY,2023-12-12
259,mana,5.6592,-53.7767,25.83,90,70,3.55,GF,2023-12-12
260,chibougamau,49.9168,-74.3659,-10.21,92,100,4.12,CA,2023-12-12
261,tralee,52.2704,-9.7026,7.6,94,100,2.22,IE,2023-12-12
262,aljezur,37.3191,-8.8033,16.5,95,100,2.27,PT,2023-12-12
263,apatity,67.5641,33.4031,-21.3,100,86,0.33,RU,2023-12-12
264,banda aceh,5.5577,95.3222,25.68,84,83,1.49,ID,2023-12-12
265,qamdo,31.1667,97.2333,-10.56,44,2,2.13,CN,2023-12-12
266,hammerfest,70.6634,23.6821,-1.75,100,75,5.14,NO,2023-12-12
267,almazan,41.4865,-2.5309,8.16,91,100,2.74,ES,2023-12-12
268,novaya mayna,54.15,49.75,-17.98,84,93,6.75,RU,2023-12-12
269,ostrovskoye,57.8057,42.2433,-10.39,93,100,6.5,RU,2023-12-12
270,zahedan,29.4963,60.8629,3.95,45,0,3.09,IR,2023-12-12
271,al bardiyah,31.7561,25.0865,14.95,71,1,3.29,LY,2023-12-12
272,goz beida,13.95,20.55,18.94,25,73,5.85,TD,2023-12-12
273,brookings,44.3114,-96.7984,2.81,72,100,4.12,US,2023-12-12
274,taksimo,56.3444,114.8794,-33.78,96,63,0.27,RU,2023-12-12
275,callao,-12.0667,-77.15,23.18,77,40,4.63,PE,2023-12-12
276,mikuni,36.2171,136.1519,11.95,94,100,4.29,JP,2023-12-12
277,sao jose da coroa grande,-8.8978,-35.1478,25.93,75,0,4.26,BR,2023-12-12
278,gizo,-8.103,156.8419,28.2,75,75,4.34,SB,2023-12-12
279,fortuna,40.5982,-124.1573,13.85,92,0,1.54,US,2023-12-12
280,lorengau,-2.0226,147.2712,29.55,76,94,5.29,PG,2023-12-12
281,isabela,6.7085,121.9711,30.03,74,1,3.4,PH,2023-12-12
282,touros,-5.1989,-35.4608,26.63,75,0,6.03,BR,2023-12-12
283,barah,13.7,30.3667,21.29,15,49,4.25,SD,2023-12-12
284,sinabang,2.4803,96.3801,25.83,84,96,1.94,ID,2023-12-12
285,murghob,38.1702,73.9667,-11.86,76,38,4.86,TJ,2023-12-12
286,tarawa,1.419,172.984,28.65,73,91,2.07,KI,2023-12-12
287,buzet,45.4094,13.9667,11.65,96,99,1.14,HR,2023-12-12
288,kupjansk,49.7209,37.5998,0.38,98,100,6.73,UA,2023-12-12
289,bagrationovsk,54.3871,20.6437,-0.36,99,100,2.23,RU,2023-12-12
290,revda,56.801,59.9303,-31.97,96,82,1.42,RU,2023-12-12
291,shingu,33.7333,135.9833,19.43,92,85,2.19,JP,2023-12-12
292,sakakah,29.9697,40.2064,17.76,35,100,2.45,SA,2023-12-12
293,bakori,11.5544,7.4243,13.38,36,0,3.88,NG,2023-12-12
294,san patricio,28.017,-97.5169,17.91,48,100,3.35,US,2023-12-12
295,contai,21.7786,87.7536,15.23,51,0,3.23,IN,2023-12-12
296,kasongo-lunda,-6.4667,16.8167,21.59,99,100,0.05,CD,2023-12-12
297,borkum,53.5809,6.6915,7.19,90,77,1.41,DE,2023-12-12
298,malmberget,67.1753,20.6549,-14.69,85,100,2.06,SE,2023-12-12
299,dzhalagash,45.0833,64.6667,-17.78,48,0,7.0,KZ,2023-12-12
300,kourou,5.1552,-52.6478,28.03,88,92,2.8,GF,2023-12-12
301,el quebrachal,-25.2833,-64.0667,26.49,65,75,3.34,AR,2023-12-12
302,karratha,-20.7377,116.8463,27.55,41,0,2.53,AU,2023-12-12
303,howard springs,-12.497,131.047,32.68,71,81,0.54,AU,2023-12-12
304,tvoroyri,61.5556,-6.8111,7.4,76,90,5.76,FO,2023-12-12
305,arkhangel'sk,64.5401,40.5433,-13.94,77,40,3.0,RU,2023-12-12
306,cartagena,10.3997,-75.5144,27.79,78,20,2.57,CO,2023-12-12
307,dampit,-8.2116,112.7493,24.88,77,100,0.47,ID,2023-12-12
308,beau vallon,-20.4189,57.6953,25.13,78,75,2.57,MU,2023-12-12
309,nybro,56.7446,15.9071,0.69,96,100,4.34,SE,2023-12-12
310,dolores,-36.3132,-57.6792,18.01,90,96,4.47,AR,2023-12-12
311,shubarkuduk,49.1447,56.4872,-23.27,70,5,6.98,KZ,2023-12-12
312,freetown,8.484,-13.2299,25.84,83,40,2.06,SL,2023-12-12
313,keflavik,64.0049,-22.5624,-1.76,86,20,3.09,IS,2023-12-12
314,pacific grove,36.6177,-121.9166,17.12,77,0,3.13,US,2023-12-12
315,tazovsky,67.4667,78.7,-25.37,94,100,3.96,RU,2023-12-12
316,cabinda,-5.55,12.2,27.08,89,100,1.03,AO,2023-12-12
317,linxia chengguanzhen,35.6003,103.2064,-0.63,40,11,1.42,CN,2023-12-12
318,alpena,45.0617,-83.4327,0.14,79,100,2.57,US,2023-12-12
319,bonthe,7.5264,-12.505,26.41,82,9,2.17,SL,2023-12-12
320,yuma,32.7253,-114.6244,21.09,13,0,3.09,US,2023-12-12
321,guiuan,11.0333,125.7247,27.53,81,28,3.55,PH,2023-12-12
322,vorkuta,67.5,64.0,-17.49,88,100,6.32,RU,2023-12-12
323,balsas,-7.5325,-46.0356,24.64,89,85,1.38,BR,2023-12-12
324,gisborne,-38.6533,178.0042,20.55,45,0,5.51,NZ,2023-12-12
325,belen,36.4891,36.2233,10.22,100,75,1.54,TR,2023-12-12
326,madimba,-10.4,40.3333,26.15,86,96,2.31,TZ,2023-12-12
327,east london,-33.0153,27.9116,19.15,86,64,2.2,ZA,2023-12-12
328,kenai,60.5544,-151.2583,-0.95,88,20,5.66,US,2023-12-12
329,nizhneudinsk,54.9076,99.0276,-34.44,99,11,0.67,RU,2023-12-12
330,nieuw amsterdam,5.8833,-55.0833,26.19,92,20,1.54,SR,2023-12-12
331,palu,-0.8917,119.8707,27.94,78,59,0.54,ID,2023-12-12
332,brisas de zicatela,15.8369,-97.0419,28.29,57,75,1.54,MX,2023-12-12
333,hami,42.8,93.45,-2.85,59,100,1.02,CN,2023-12-12
334,vanimo,-2.6741,141.3028,29.57,69,88,3.79,PG,2023-12-12
335,borogontsy,62.6683,131.1683,-36.27,100,100,0.82,RU,2023-12-12
336,yeppoon,-23.1333,150.7333,25.88,68,86,9.15,AU,2023-12-12
337,gornozavodsk,58.3758,58.3211,-37.84,99,74,1.53,RU,2023-12-12
338,urucara,-2.5364,-57.76,23.7,97,100,1.16,BR,2023-12-12
339,puerto quijarro,-17.7833,-57.7667,27.32,75,92,1.35,BO,2023-12-12
340,mata-utu,-13.2816,-176.1745,27.54,76,83,4.19,WF,2023-12-12
341,umluj,25.0213,37.2685,24.8,73,100,3.43,SA,2023-12-12
342,al ghayzah,16.2079,52.176,22.47,61,16,2.34,YE,2023-12-12
343,wanning,18.8003,110.3967,22.6,89,53,2.36,CN,2023-12-12
344,dunedin,-45.8742,170.5036,13.22,51,87,4.02,NZ,2023-12-12
345,northam,51.0333,-4.2167,13.7,96,73,6.59,GB,2023-12-12
346,papao,-17.75,-149.55,30.82,80,95,11.12,PF,2023-12-12
347,gaiman,-43.2897,-65.4929,19.91,38,28,0.7,AR,2023-12-12
348,naama,33.2667,-0.3167,11.63,21,99,2.4,DZ,2023-12-12
349,east end,34.5507,-92.341,9.78,63,8,1.77,US,2023-12-12
350,faya-largeau,17.9257,19.1043,18.05,37,0,8.62,TD,2023-12-12
351,tibanbang,6.6315,126.1055,26.69,78,86,2.32,PH,2023-12-12
352,roxas,11.5853,122.7511,25.64,84,92,5.02,PH,2023-12-12
353,harstad,68.799,16.5293,-1.03,93,69,2.21,NO,2023-12-12
354,gambela,8.25,34.5833,26.16,47,3,1.34,ET,2023-12-12
355,wuhai,39.6647,106.8122,-1.17,47,0,5.56,CN,2023-12-12
356,bogande,12.9714,-0.1436,21.61,20,11,4.26,BF,2023-12-12
357,vryburg,-26.9566,24.7284,18.12,68,0,1.92,ZA,2023-12-12
358,vernal,40.4555,-109.5287,3.84,46,0,1.34,US,2023-12-12
359,claveria,18.6074,121.0832,25.72,82,53,5.06,PH,2023-12-12
360,greenville,35.6127,-77.3663,4.01,92,0,0.0,US,2023-12-12
361,montmagny,48.9734,2.3469,11.8,94,100,2.57,FR,2023-12-12
362,fuling,29.7022,107.3919,13.2,92,91,0.4,CN,2023-12-12
363,gaogou,34.0175,119.1886,-0.25,81,98,4.2,CN,2023-12-12
364,palikir - national government center,6.9248,158.1611,30.47,70,75,2.57,FM,2023-12-12
365,port lincoln,-34.7333,135.8667,20.18,51,59,5.98,AU,2023-12-12
366,aral,40.5156,81.2636,-2.65,55,68,1.49,CN,2023-12-12
367,bac lieu,9.285,105.7244,25.48,88,60,5.37,VN,2023-12-12
368,taoudenni,22.6783,-3.9836,19.18,24,20,5.53,ML,2023-12-12
369,takestan,36.0696,49.6959,5.68,76,100,0.77,IR,2023-12-12
370,dapa,9.7594,126.0531,27.52,77,81,2.52,PH,2023-12-12
371,salalah,17.0151,54.0924,23.05,27,0,4.12,OM,2023-12-12
372,villa gesell,-37.2639,-56.973,20.03,88,66,7.11,AR,2023-12-12
373,crane,31.3974,-102.3501,13.61,20,14,3.42,US,2023-12-12
374,hirara,24.8,125.2833,22.92,100,75,8.23,JP,2023-12-12
375,juuka,63.2333,29.25,-12.32,96,100,2.14,FI,2023-12-12
376,nago,26.5881,127.9761,22.24,87,95,5.98,JP,2023-12-12
377,bodo,67.28,14.405,-4.01,68,0,9.77,NO,2023-12-12
378,ta`u,-14.2336,-169.5144,26.43,89,99,8.69,AS,2023-12-12
379,boguchany,58.3814,97.4531,-28.97,96,100,0.45,RU,2023-12-12
380,arsen'yev,44.1631,133.2733,-15.32,66,100,1.85,RU,2023-12-12
381,colares,38.7992,-9.4469,19.07,98,100,6.26,PT,2023-12-12
382,san julian,21.0167,-102.1667,9.64,85,100,1.91,MX,2023-12-12
383,vainode,56.4333,21.8667,-3.01,99,100,1.95,LV,2023-12-12
384,remire-montjoly,4.9167,-52.2667,28.02,78,0,2.06,GF,2023-12-12
385,chigorodo,7.6664,-76.6811,25.75,95,75,1.38,CO,2023-12-12
386,kolosovka,56.4678,73.611,-31.73,97,12,3.12,RU,2023-12-12
387,afaahiti,-17.75,-149.2833,29.93,80,94,9.73,PF,2023-12-12
388,georgetown,5.4112,100.3354,27.19,92,20,1.54,MY,2023-12-12
389,zaragoza,41.6561,-0.8773,16.93,71,0,3.6,ES,2023-12-12
390,pandan,14.0453,124.1694,27.43,83,96,3.61,PH,2023-12-12
391,junin,-34.5838,-60.9433,24.82,35,75,4.93,AR,2023-12-12
392,amahai,-3.3333,128.9167,28.78,70,98,1.66,ID,2023-12-12
393,kalemie,-5.9475,29.1947,21.86,88,100,0.71,CD,2023-12-12
394,saldanha,-33.0117,17.9442,16.03,89,61,10.07,ZA,2023-12-12
395,pathein,16.7833,94.7333,21.86,90,7,2.63,MM,2023-12-12
396,camana,-16.6228,-72.7111,20.78,82,49,3.16,PE,2023-12-12
397,yerofey pavlovich,53.9667,121.9667,-33.35,96,11,1.44,RU,2023-12-12
398,bochum,51.4833,7.2167,8.81,79,99,1.79,DE,2023-12-12
399,turkmenbasy,40.0222,52.9552,-1.57,64,100,8.75,TM,2023-12-12
400,greymouth,-42.4667,171.2,13.93,60,70,9.05,NZ,2023-12-12
401,ondjiva,-17.0667,15.7333,24.02,69,0,4.63,AO,2023-12-12
402,kavaratti,10.5669,72.642,28.23,72,67,1.88,IN,2023-12-12
403,moundou,8.5667,16.0833,20.56,26,85,2.05,TD,2023-12-12
404,yueyang,29.3333,113.0919,3.64,80,43,2.67,CN,2023-12-12
405,kayangel,8.0823,134.7173,28.29,75,64,6.91,PW,2023-12-12
406,praia,14.9215,-23.5087,23.3,78,35,4.63,CV,2023-12-12
407,barra do garcas,-15.89,-52.2567,23.0,93,100,0.27,BR,2023-12-12
408,rabigh,22.7986,39.0349,27.04,73,98,4.74,SA,2023-12-12
409,lesnikovo,55.2822,65.3175,-29.56,96,6,2.24,RU,2023-12-12
410,chinde,26.8418,88.0763,9.44,61,4,1.98,NP,2023-12-12
411,ungsang-nodongjagu,42.3578,130.4622,-6.8,53,57,3.44,KP,2023-12-12
412,kendari,-3.945,122.4989,27.15,86,100,0.95,ID,2023-12-12
413,klyuchi,52.2667,79.1667,-24.36,87,34,6.32,RU,2023-12-12
414,puerto la cruz,10.2167,-64.6167,25.31,90,96,4.87,VE,2023-12-12
415,augusto correa,-1.0217,-46.635,26.43,79,45,2.91,BR,2023-12-12
416,as sulayyil,20.4607,45.5779,14.14,31,69,3.18,SA,2023-12-12
417,wajir,1.7471,40.0573,26.27,72,97,4.42,KE,2023-12-12
418,thames,-37.1333,175.5333,19.01,52,84,7.35,NZ,2023-12-12
419,selah,46.654,-120.5301,6.91,78,75,4.12,US,2023-12-12
420,lompoc,34.6391,-120.4579,18.34,69,0,7.2,US,2023-12-12
421,gorontalo,0.5412,123.0595,27.59,82,32,1.48,ID,2023-12-12
422,battagram,34.6772,73.0233,7.08,34,61,2.46,PK,2023-12-12
423,lethem,3.3803,-59.7968,29.04,57,85,5.95,GY,2023-12-12
424,bodaybo,57.8506,114.1933,-28.83,99,100,0.4,RU,2023-12-12
425,north las vegas,36.1989,-115.1175,15.19,17,0,2.06,US,2023-12-12
426,rio grande,-32.035,-52.0986,22.06,85,21,7.24,BR,2023-12-12
427,aykhal,66.0,111.5,-26.28,99,100,2.06,RU,2023-12-12
428,patterson,37.4716,-121.1297,15.86,47,48,2.6,US,2023-12-12
429,severo-yeniseyskiy,60.3725,93.0408,-40.24,100,69,0.45,RU,2023-12-12
430,nova xavantina,-14.6667,-52.35,24.04,87,99,0.8,BR,2023-12-12
431,baoying,33.2292,119.3092,1.18,77,95,4.82,CN,2023-12-12
432,port moresby,-9.4431,147.1797,31.68,62,40,5.14,PG,2023-12-12
433,amble,55.3333,-1.5833,1.08,100,25,1.54,GB,2023-12-12
434,isangel,-19.55,169.2667,27.06,61,75,6.17,VU,2023-12-12
435,holualoa,19.6228,-155.9522,26.97,82,40,3.6,US,2023-12-12
436,geraldton,-28.7667,114.6,32.23,15,0,7.72,AU,2023-12-12
437,nagato,34.3833,131.2,15.2,85,100,9.48,JP,2023-12-12
438,karasuk,53.7377,78.0403,-28.31,92,6,6.27,RU,2023-12-12
439,portland,45.5234,-122.6762,11.58,93,100,2.06,US,2023-12-12
440,colonia,50.9333,6.95,9.42,80,75,3.09,DE,2023-12-12
441,siran,40.1894,39.1267,4.05,98,100,1.86,TR,2023-12-12
442,machico,32.7,-16.7667,20.07,82,20,2.57,PT,2023-12-12
443,kitimat,54.0524,-128.6534,0.38,65,64,0.06,CA,2023-12-12
444,grand falls-windsor,48.9332,-55.6649,13.61,88,100,4.02,CA,2023-12-12
445,choyr,46.3611,108.3611,-20.13,93,90,2.35,MN,2023-12-12
446,pacocha,-17.5833,-71.3333,19.47,87,60,0.89,PE,2023-12-12
447,mammoth lakes,37.6485,-118.9721,6.4,21,0,4.12,US,2023-12-12
448,balakirevo,56.5059,38.8432,-8.05,91,100,6.73,RU,2023-12-12
449,kapa'a,22.0752,-159.319,27.99,84,40,4.63,US,2023-12-12
450,villa la angostura,-40.7617,-71.6463,9.16,94,100,3.04,AR,2023-12-12
451,yacimiento rio turbio,-51.5732,-72.3508,6.2,68,53,2.08,AR,2023-12-12
452,poronaysk,49.2167,143.1167,-15.01,79,34,2.02,RU,2023-12-12
453,arkhipo-osipovka,44.37,38.52,9.24,77,100,2.02,RU,2023-12-12
454,moscow,55.7522,37.6156,-6.71,94,100,6.01,RU,2023-12-12
455,san fernando de apure,7.8878,-67.4724,29.26,53,90,1.68,VE,2023-12-12
456,bei'an,24.5399,109.533,12.03,78,100,5.1,CN,2023-12-12
457,pueblo nuevo,23.3833,-105.3833,14.2,54,11,0.78,MX,2023-12-12
458,cabedelo,-6.9811,-34.8339,26.37,74,1,5.29,BR,2023-12-12
459,queenstown,-31.8976,26.8753,15.03,79,52,1.24,ZA,2023-12-12
460,pigeon forge,35.7884,-83.5543,3.43,83,0,0.45,US,2023-12-12
461,nouadhibou,20.931,-17.0347,20.99,43,17,4.63,MR,2023-12-12
462,mezhdurechenskiy,59.6,65.9333,-29.62,93,49,2.48,RU,2023-12-12
463,nema,57.5067,50.5011,-19.81,86,100,5.51,RU,2023-12-12
464,kamphaeng phet,16.25,99.5,22.75,85,40,1.39,TH,2023-12-12
465,urangan,-25.3,152.9,25.91,60,76,5.82,AU,2023-12-12
466,camacari,-12.6975,-38.3242,26.87,85,33,3.66,BR,2023-12-12
467,kristiansund,63.1115,7.732,-1.64,74,38,1.54,NO,2023-12-12
468,ar ruways,24.1103,52.7306,21.46,67,49,1.9,AE,2023-12-12
469,tsiombe,-25.3,45.4833,23.66,93,62,0.81,MG,2023-12-12
470,najran,17.4924,44.1277,10.36,36,4,0.37,SA,2023-12-12
471,palmer,42.1584,-72.3287,3.81,64,40,1.34,US,2023-12-12
472,laascaanood,8.4774,47.3597,20.29,72,52,3.49,SO,2023-12-12
473,inhambane,-23.865,35.3833,25.63,95,100,3.72,MZ,2023-12-12
474,nykarleby,63.5228,22.5307,-8.92,95,99,2.05,FI,2023-12-12
475,piracanjuba,-17.3028,-49.0167,21.78,84,97,1.21,BR,2023-12-12
476,plettenberg bay,-34.0527,23.3716,15.28,81,0,3.38,ZA,2023-12-12
477,dongcun,36.7767,121.1597,-0.74,84,100,5.69,CN,2023-12-12
478,da nang,16.0678,108.2208,22.99,94,20,1.03,VN,2023-12-12
479,yeed,4.55,43.0333,27.29,55,96,1.01,SO,2023-12-12
480,acarau,-2.8856,-40.12,26.74,79,14,7.44,BR,2023-12-12
481,yeniseysk,58.4497,92.1703,-32.81,99,36,0.89,RU,2023-12-12
482,belmonte,-15.8631,-38.8828,25.3,84,53,4.75,BR,2023-12-12
483,acapulco de juarez,16.8634,-99.8901,28.9,74,100,1.54,MX,2023-12-12
484,puerto madero,14.7208,-92.4215,28.11,100,20,0.0,MX,2023-12-12
485,los banos,14.1667,121.1833,28.27,80,53,3.15,PH,2023-12-12
486,prymors'k,46.7348,36.3443,5.67,87,100,7.1,UA,2023-12-12
487,itoman,26.1247,127.6694,23.01,83,75,7.2,JP,2023-12-12
488,port douglas,-16.4833,145.4667,31.29,58,56,3.47,AU,2023-12-12
489,selfoss,63.9331,-20.9971,-5.0,92,54,2.51,IS,2023-12-12
490,rudnyy,52.9594,63.1206,-32.87,97,8,2.77,KZ,2023-12-12
491,victorica,-36.2151,-65.4359,20.3,82,33,9.26,AR,2023-12-12
492,foley,30.4066,-87.6836,12.08,66,0,0.0,US,2023-12-12
493,lucapa,-8.4192,20.7447,18.76,99,98,0.99,AO,2023-12-12
494,tefe,-3.3542,-64.7114,26.06,94,40,2.57,BR,2023-12-12
495,bahia blanca,-38.7196,-62.2724,29.9,26,56,4.02,AR,2023-12-12
496,beyneu,45.3167,55.2,-14.26,34,8,9.72,KZ,2023-12-12
497,dryden,49.7833,-92.7503,-5.84,100,100,5.14,CA,2023-12-12
498,luis correia,-2.8792,-41.6669,27.33,77,48,7.22,BR,2023-12-12
499,tbeng meanchey,13.8167,104.9667,22.14,78,100,1.62,KH,2023-12-12
500,saint-philippe,-21.3585,55.7679,21.77,81,66,4.2,RE,2023-12-12
501,gerash,27.6652,54.1371,4.08,25,85,1.0,IR,2023-12-12
502,saynshand,44.8824,110.1163,-14.43,93,100,4.21,MN,2023-12-12
503,kupang,-10.1667,123.5833,28.32,94,75,2.57,ID,2023-12-12
504,trairi,-3.2778,-39.2689,26.64,76,14,5.23,BR,2023-12-12
505,dwarka,22.2394,68.9678,21.76,57,90,2.5,IN,2023-12-12
506,okhotsk,59.3833,143.3,-9.41,91,100,2.43,RU,2023-12-12
507,san luis de la loma,17.2706,-100.8939,26.98,76,95,0.1,MX,2023-12-12
508,kigorobya,1.6162,31.3089,19.42,89,42,1.79,UG,2023-12-12
509,thunder bay,48.4001,-89.3168,-2.01,74,100,5.66,CA,2023-12-12
510,owo,7.1962,5.5868,24.92,69,89,1.26,NG,2023-12-12
511,halden,59.1226,11.3871,-0.76,93,94,3.17,NO,2023-12-12
512,querecotillo,-4.8378,-80.6456,25.58,59,10,7.3,PE,2023-12-12
513,quellon,-43.1167,-73.6167,10.55,87,100,3.3,CL,2023-12-12
514,kyshtovka,56.555,76.6271,-29.81,96,17,3.58,RU,2023-12-12
515,meadow lake,34.8014,-106.5436,8.04,28,100,1.35,US,2023-12-12
516,jean-rabel,19.8533,-73.1917,25.48,87,28,4.99,HT,2023-12-12
517,vila velha,-20.3297,-40.2925,26.97,82,40,5.14,BR,2023-12-12
518,ossi,40.6772,8.5928,14.27,92,72,4.07,IT,2023-12-12
519,changzhi,35.2089,111.7386,-0.75,97,58,1.25,CN,2023-12-12
520,dubbo,-32.25,148.6167,31.07,40,1,5.66,AU,2023-12-12
521,el granada,37.5027,-122.4694,17.12,72,75,5.14,US,2023-12-12
522,hecun,36.5333,114.1111,-7.72,95,50,1.8,CN,2023-12-12
523,akrehamn,59.2667,5.1833,4.12,75,100,3.09,NO,2023-12-12
524,mahalapye,-23.1041,26.8142,20.29,84,6,6.27,BW,2023-12-12
525,sao felix do xingu,-6.6447,-51.995,23.09,97,96,0.56,BR,2023-12-12
526,bikenibeu village,1.3673,173.1241,28.52,73,85,1.79,KI,2023-12-12
527,marataizes,-21.0433,-40.8244,24.0,93,100,3.66,BR,2023-12-12
528,letlhakane,-21.4167,25.5833,24.53,59,37,4.77,BW,2023-12-12
529,bakanas,44.8081,76.2772,-10.01,83,100,4.05,KZ,2023-12-12
530,anatuya,-28.4606,-62.8347,25.74,43,0,5.08,AR,2023-12-12
531,saint-pierre,-21.3393,55.4781,22.54,78,0,2.57,RE,2023-12-12
532,dubrovnik,42.6481,18.0922,10.8,66,0,4.12,HR,2023-12-12
533,tughyl,47.7252,84.2063,-12.81,87,100,7.11,KZ,2023-12-12
534,saint-francois,46.4154,3.9054,12.58,100,0,2.57,FR,2023-12-12
535,newberg,45.3001,-122.9732,11.3,88,75,3.09,US,2023-12-12
536,cam ranh,11.9214,109.1591,24.98,88,20,1.54,VN,2023-12-12
537,nizhnyaya tavda,57.6731,66.1725,-31.88,98,8,1.47,RU,2023-12-12
538,sinop,41.7711,34.8709,7.29,83,100,1.0,TR,2023-12-12
539,stornoway,58.2093,-6.3865,5.98,82,97,6.17,GB,2023-12-12
540,sao vicente,-23.9631,-46.3919,23.1,26,97,2.38,BR,2023-12-12
541,subtanjalla,-14.0189,-75.7581,23.26,55,6,4.86,PE,2023-12-12
542,taroa,8.7058,171.2275,27.64,74,52,9.26,MH,2023-12-12
543,addlestone,51.3713,-0.4935,10.68,88,75,2.06,GB,2023-12-12
544,feodosiya,45.0333,35.3833,8.68,90,100,3.05,UA,2023-12-12
545,kurinjippadi,11.5667,79.6,23.58,84,88,3.9,IN,2023-12-12
546,burutu,5.3509,5.5076,26.85,80,69,2.39,NG,2023-12-12
547,xilin hot,43.9667,116.0333,-18.18,97,99,0.96,CN,2023-12-12
548,san antonio,29.4241,-98.4936,15.86,34,0,3.09,US,2023-12-12
549,garoua,9.3,13.4,21.6,28,23,0.28,CM,2023-12-12
550,dingli,35.8614,14.3822,16.56,88,20,3.09,MT,2023-12-12
